COMP,GAP,COMPGAP,TREATMENT,TREE_ID,SPECIES,STATUS_2018,DBH_2018,HEIGHT_2018,HTCB_2018,PVCS_2018,COMMENTS_2018,P_NP,DBH_2013,HTCB_2013,PVCS_2013,ANN_INC,RGR,BA_2013,BA_2018,BAI
10,O,10O,MH,49,DF,L,8.3,31,1,,WITNESS D 4 AZ 226,NP,4.1,0,,0.84,0.204878049,0.09168174,0.37572606,0.056808864
10,O,10O,MH,59,IC,L,9.4,27,3,,,NP,4.2,1,,1.04,0.247619048,0.09620856,0.48191544,0.077141376
10,O,10O,MH,62,IC,L,6.9,21,6,,,P,3,5.5,,0.78,0.26,0.049086,0.25966494,0.042115788
10,O,10O,MH,69,IC,L,5.2,19,2,,,NP,2.4,0,,0.56,0.233333333,0.03141504,0.14747616,0.023212224
10,O,10O,MH,70,IC,L,6,21,2,,,NP,2.6,0,,0.68,0.261538462,0.03686904,0.196344,0.031894992
10,O,10O,MH,71,PP,L,9.1,31,7,,,P,4.6,7,,0.9,0.195652174,0.11540664,0.45164574,0.06724782
10,O,10O,MH,73,PP,L,11.2,40,10,,,P,6.5,9.7,,0.94,0.144615385,0.2304315,0.68414976,0.090743652
10,O,10O,MH,74,DF,L,4.5,21,5,,WITNESS D 13.4 AZ 24,P,2.1,5.5,,0.48,0.228571429,0.02405214,0.1104435,0.017278272
10,O,10O,MH,75,SP,L,8.4,37,3,,WITNESS AZ 143 D 15.8,NP,4,2,,0.88,0.22,0.087264,0.38483424,0.059514048
10,O,10O,MH,76,IC,L,7.9,30,6,,,P,4.9,6.5,,0.6,0.12244898,0.13095054,0.34038414,0.04188672
10,O,10O,MH,77,PP,L,9.8,38,7,,,NP,5.8,2,,0.8,0.137931034,0.18347256,0.52380216,0.06806592
10,O,10O,MH,78,IC,L,9.4,32,7,,,P,6,7.1,,0.68,0.113333333,0.196344,0.48191544,0.057114288
10,O,10O,MH,81,IC,L,8,27,2,,,NP,3.5,0.5,,0.9,0.257142857,0.0668115,0.349056,0.0564489
10,O,10O,MH,84,PP,L,13.2,43,10,,,P,8.1,10.7,,1.02,0.125925926,0.35783694,0.95030496,0.118493604
10,O,10O,MH,85,DF,L,3.7,22,1,,,NP,1.3,0,,0.48,0.369230769,0.00921726,0.07466526,0.0130896
10,O,10O,MH,86,GS,L,9.9,26,8,,,P,5.4,7,,0.9,0.166666667,0.15903864,0.53454654,0.07510158
10,O,10O,MH,88,PP,L,11,40,8,,,NP,6.9,4,,0.82,0.11884058,0.25966494,0.659934,0.080053812
10,O,10O,MH,92,IC,L,8.3,30,7,,,P,4.6,6.3,,0.74,0.160869565,0.11540664,0.37572606,0.052063884
10,Q,10Q,MH,37,SP,L,9.9,36,2,,,NP,5,2,,0.98,0.196,0.13635,0.53454654,0.079639308
10,Q,10Q,MH,45,PP,L,11.2,42,5,,WITNESS AZ 6 D 26.5,NP,6.3,4,,0.98,0.155555556,0.21646926,0.68414976,0.0935361
10,Q,10Q,MH,46,IC,L,3.9,16,4,,,P,1.2,4.5,,0.54,0.45,0.00785376,0.08295534,0.015020316
10,Q,10Q,MH,47,IC,L,3.6,15,4,,,P,1.2,4.5,,0.48,0.4,0.00785376,0.07068384,0.012566016
10,Q,10Q,MH,50,DF,L,3.7,33,9,,,P,3.4,7.7,,0.06,0.017647059,0.06304824,0.07466526,0.002323404
10,Q,10Q,MH,56,IC,L,8.5,28,3,,,NP,5.1,0,,0.68,0.133333333,0.14185854,0.3940515,0.050438592
10,Q,10Q,MH,58,SP,L,7.1,31,8,,,P,5.8,8,,0.26,0.044827586,0.18347256,0.27493614,0.018292716
10,Q,10Q,MH,59,DF,L,7.7,34,2,,,NP,4.1,1,,0.72,0.175609756,0.09168174,0.32336766,0.046337184
10,Q,10Q,MH,68,PP,L,6.8,32,10,,,NP,5.2,5.5,,0.32,0.061538462,0.14747616,0.25219296,0.02094336
10,Q,10Q,MH,69,PP,L,9.5,44,15,,,NP,6.8,5.5,,0.54,0.079411765,0.25219296,0.4922235,0.048006108
10,Q,10Q,MH,70,DF,L,5.8,30,3,,,NP,2.9,0.5,,0.58,0.2,0.04586814,0.18347256,0.027520884
10,Q,10Q,MH,73,PP,L,8.5,32,5,,,NP,5.4,4,,0.62,0.114814815,0.15903864,0.3940515,0.047002572
10,Q,10Q,MH,74,DF,L,4.1,26,5,,,P,1.8,5.5,,0.46,0.255555556,0.01767096,0.09168174,0.014802156
10,Q,10Q,MH,75,PP,L,9.5,42,9,,,P,6.6,8.4,,0.58,0.087878788,0.23757624,0.4922235,0.050929452
10,Q,10Q,MH,83,SP,L,6.6,32,5,,,NP,3.5,2.5,,0.62,0.177142857,0.0668115,0.23757624,0.034152948
10,Q,10Q,MH,114,GS,L,13,38,8,,,P,6,7.3,,1.4,0.233333333,0.196344,0.921726,0.1450764
10,Q,10Q,MH,115,GS,L,11.8,38,9,,,P,5.9,6.6,,1.18,0.2,0.18985374,0.75941496,0.113912244
10,Q,10Q,MH,116,GS,L,12.5,31,3,,,NP,6.1,2.5,,1.28,0.209836066,0.20294334,0.8521875,0.129848832
10,Q,10Q,MH,117,IC,L,4.6,20,3,,,NP,1.7,0,,0.58,0.341176471,0.01576206,0.11540664,0.019928916
10,Q,10Q,MH,120,SP,L,9.5,37,3,,,NP,3.9,2,,1.12,0.287179487,0.08295534,0.4922235,0.081853632
30,A,30A,M,2,DF,L,5.8,27,6,,,P,2.9,5.6,,0.58,0.2,0.04586814,0.18347256,0.027520884
30,A,30A,M,23,WF,L,13.5,60,9,,,P,9.8,7.6,,0.74,0.075510204,0.52380216,0.9939915,0.094037868
30,A,30A,M,24,PP,L,7.4,35,8,,,P,5,7.7,,0.48,0.096,0.13635,0.29866104,0.032462208
30,A,30A,M,26,SP,L,4.6,25,4,,,P,2.6,2.5,,0.4,0.153846154,0.03686904,0.11540664,0.01570752
30,A,30A,M,33,IC,L,13,41,7,,,P,9.6,6.3,,0.68,0.070833333,0.50264064,0.921726,0.083817072
30,A,30A,M,34,GS,L,13.4,47,7,,,P,8,6.5,,1.08,0.135,0.349056,0.97932024,0.126052848
30,A,30A,M,35,DF,L,8,37,5,,,NP,5.1,0.8,,0.58,0.11372549,0.14185854,0.349056,0.041439492
30,A,30A,M,38,SP,L,7,32,4,,,NP,3.7,3.8,,0.66,0.178378378,0.07466526,0.267246,0.038516148
30,A,30A,M,52,GS,L,17.3,53,4,,,NP,12.1,4,,1.04,0.085950413,0.79852014,1.63232766,0.166761504
30,A,30A,M,53,IC,L,8.7,41,7,,,P,6.6,7.1,,0.42,0.063636364,0.23757624,0.41281326,0.035047404
30,A,30A,M,54,PP,L,10.5,43,11,,WITNESS D 9 AZ 162,NP,7.4,5.7,,0.62,0.083783784,0.29866104,0.6013035,0.060528492
30,A,30A,M,56,IC,L,6.4,23,3,,WITNESS D 25 AZ 18,P,3.8,1.9,,0.52,0.136842105,0.07875576,0.22339584,0.028928016
30,A,30A,M,76,DF,L,10.7,46,8,,,P,6.6,6.7,,0.82,0.124242424,0.23757624,0.62442846,0.077370444
30,A,30A,M,77,IC,L,9.2,35,6,,,NP,6.9,2.2,,0.46,0.066666667,0.25966494,0.46162656,0.040392324
30,A,30A,M,80,IC,L,7,27,4,,,NP,4.1,1,,0.58,0.141463415,0.09168174,0.267246,0.035112852
30,A,30A,M,81,WF,L,3.5,21,2,,,NP,1.6,0,,0.38,0.2375,0.01396224,0.0668115,0.010569852
30,A,30A,M,83,DF,L,7.3,39,8,,,P,4.5,6.7,,0.56,0.124444444,0.1104435,0.29064366,0.036040032
30,B,30B,M,36,DF,L,7.2,36,6,,,P,3.8,6.5,,0.68,0.178947368,0.07875576,0.28273536,0.04079592
30,B,30B,M,37,PP,L,9.6,36,8,,,NP,6.3,3.5,,0.66,0.104761905,0.21646926,0.50264064,0.057234276
30,B,30B,M,38,SP,L,8.3,38,7,,,P,4.8,6.5,,0.7,0.145833333,0.12566016,0.37572606,0.05001318
30,B,30B,M,40,GS,L,12.9,36,5,,,NP,8.7,2.5,,0.84,0.096551724,0.41281326,0.90760014,0.098957376
30,B,30B,M,43,WF,L,5.3,23,6,,,P,3.2,5.8,,0.42,0.13125,0.05584896,0.15320286,0.01947078
30,B,30B,M,46,GS,L,8.8,27,4,,,NP,5.8,1,,0.6,0.103448276,0.18347256,0.42235776,0.04777704
30,B,30B,M,53,IC,L,7.3,23,7,,WITNESS AZ 325 D 18.9,P,4.6,5.7,,0.54,0.117391304,0.11540664,0.29064366,0.035047404
50,D,50D,M,1,PP,L,5.6,22,6,,,P,3.9,6.8,,0.34,0.087179487,0.08295534,0.17103744,0.01761642
50,D,50D,M,2,WF,L,3.4,18,4,,,P,1.9,4.5,,0.3,0.157894737,0.01968894,0.06304824,0.00867186
50,D,50D,M,7,PP,L,9.2,41,11,,WITNESS D 7.6 AZ 11,NP,7.1,3,,0.42,0.05915493,0.27493614,0.46162656,0.037338084
50,D,50D,M,11,SP,L,6.6,33,5,,,NP,4.1,3,,0.5,0.12195122,0.09168174,0.23757624,0.0291789
50,D,50D,M,17,GS,L,15,55,7,,,NP,12.6,4,,0.48,0.038095238,0.86587704,1.22715,0.072254592
50,D,50D,M,44,WF,L,7.2,36,3,,,NP,4.8,2,,0.48,0.1,0.12566016,0.28273536,0.03141504
50,D,50D,M,47,PP,L,10.9,45,13,,,P,8.6,7.8,,0.46,0.053488372,0.40337784,0.64798974,0.04892238
50,D,50D,M,53,DF,L,8.9,41,3,,,NP,5.7,1.5,,0.64,0.112280702,0.17720046,0.43201134,0.050962176
50,D,50D,M,54,DF,L,9.8,49,9,,,P,6.3,8.4,,0.7,0.111111111,0.21646926,0.52380216,0.06146658
50,D,50D,M,91,IC,L,8.6,33,8,,,P,7,7.4,,0.32,0.045714286,0.267246,0.40337784,0.027226368
50,D,50D,M,92,GS,L,16,60,7,,,NP,12.1,4.5,,0.78,0.06446281,0.79852014,1.396224,0.119540772
50,D,50D,M,93,IC,L,10.4,42,9,,,P,8.3,7.4,,0.42,0.05060241,0.37572606,0.58990464,0.042835716
50,D,50D,M,108,WF,L,7.3,38,6,,,P,5.3,7,,0.4,0.075471698,0.15320286,0.29064366,0.02748816
50,D,50D,M,109,WF,L,6.6,35,7,,,P,4.3,6.7,,0.46,0.106976744,0.10084446,0.23757624,0.027346356
50,D,50D,M,152,GS,L,10.3,43,7,,,P,7.4,6.6,,0.58,0.078378378,0.29866104,0.57861486,0.055990764
50,D,50D,M,167,DF,L,9.6,51,8,,,P,6.6,7.6,,0.6,0.090909091,0.23757624,0.50264064,0.05301288
50,D,50D,M,168,SP,L,8.4,43,8,,,P,5.7,7.7,,0.54,0.094736842,0.17720046,0.38483424,0.041526756
50,D,50D,M,169,DF,L,7.6,43,5,,,NP,5.2,3,,0.48,0.092307692,0.14747616,0.31502304,0.033509376
50,D,50D,M,170,SP,L,7.9,44,9,,,P,5.5,8.4,,0.48,0.087272727,0.1649835,0.34038414,0.035080128
50,D,50D,M,201,WF,L,4.2,20,1,,INGROWTH,NP,2.6,0,,0.32,0.123076923,0.03686904,0.09620856,0.011867904
50,D,50D,M,204,GS,L,13.1,45,7,,,P,9.3,7,,0.76,0.08172043,0.47171646,0.93596094,0.092848896
50,E,50E,MH,9,IC,L,8.9,29,7,,,P,7.1,6.4,,0.36,0.050704225,0.27493614,0.43201134,0.03141504
50,E,50E,MH,10,IC,L,6.2,25,6,,,P,4.3,5.9,,0.38,0.088372093,0.10084446,0.20965176,0.02176146
50,E,50E,MH,11,IC,L,5.7,22,2,,,NP,4.1,0.5,,0.32,0.07804878,0.09168174,0.17720046,0.017103744
50,E,50E,MH,20,GS,L,12.5,44,4,,,NP,8.3,4,,0.84,0.101204819,0.37572606,0.8521875,0.095292288
50,E,50E,MH,45,DF,L,11.9,50,3,,,NP,8,2,,0.78,0.0975,0.349056,0.77234094,0.084656988
50,E,50E,MH,46,SP,L,8.9,38,6,,,NP,5.1,3.5,,0.76,0.149019608,0.14185854,0.43201134,0.05803056
50,E,50E,MH,55,DF,L,9.4,49,2,,,NP,6.7,1,,0.54,0.080597015,0.24483006,0.48191544,0.047417076
50,E,50E,MH,56,PP,L,10.7,44,9,,,P,8.3,8.1,,0.48,0.057831325,0.37572606,0.62442846,0.04974048
50,E,50E,MH,67,PP,L,10.6,46,13,,WITNESS AZ 236 D 12,P,8.2,8.3,,0.48,0.058536585,0.36672696,0.61281144,0.049216896
50,E,50E,MH,68,WF,L,10.5,46,8,,WITNESS AZ 352 D 1.2,P,6.6,7.2,,0.78,0.118181818,0.23757624,0.6013035,0.072745452
50,E,50E,MH,69,DF,L,8.5,47,4,,WITNESS AZ 105 D 11.3,NP,5.7,1,,0.56,0.098245614,0.17720046,0.3940515,0.043370208
50,E,50E,MH,74,PP,L,14.1,56,8,,,P,11.3,7.3,,0.56,0.049557522,0.69642126,1.08430974,0.077577696
50,E,50E,MH,87,WF,L,9.6,53,4,,,NP,6.4,1,,0.64,0.1,0.22339584,0.50264064,0.05584896
60,F,60F,MH,1,IC,L,7.7,34,8,,,P,5.5,6.2,,0.44,0.08,0.1649835,0.32336766,0.031676832
60,F,60F,MH,2,SP,L,7.8,37,6,,,P,4.4,5.3,,0.68,0.154545455,0.10558944,0.33182136,0.045246384
60,F,60F,MH,3,PP,L,11.8,38,8,,WITNESS D23.9 AZ 2,P,7,6.2,,0.96,0.137142857,0.267246,0.75941496,0.098433792
60,F,60F,MH,4,IC,L,10.4,36,3,,,NP,6.5,0,,0.78,0.12,0.2304315,0.58990464,0.071894628
60,F,60F,MH,5,PP,L,12.8,49,7,,,NP,8.4,2.8,,0.88,0.104761905,0.38483424,0.89358336,0.101749824
60,F,60F,MH,6,IC,L,11.5,36,2,,,NP,7,0,,0.9,0.128571429,0.267246,0.7212915,0.0908091
60,F,60F,MH,7,WF,L,3.7,25,4,,,P,2,4.4,,0.34,0.17,0.021816,0.07466526,0.010569852
60,F,60F,MH,8,IC,L,8.8,28,0,,,NP,4,0.3,,0.96,0.24,0.087264,0.42235776,0.067018752
60,F,60F,MH,9,PP,L,9.7,35,4,,WITNESS D 12.3 AZ 320 ALSO HAS PERM PLOT TAG,NP,5,0.5,,0.94,0.188,0.13635,0.51316686,0.075363372
60,F,60F,MH,10,BO,L,8.7,34,8,,HAS PERM PLOT TAG,NP,7,2.4,,0.34,0.048571429,0.267246,0.41281326,0.029113452
60,F,60F,MH,11,WF,L,7.2,33,6,,,P,4.1,6.4,,0.62,0.151219512,0.09168174,0.28273536,0.038210724
60,G,60G,M,1,WF,L,4.5,21,1,,,NP,1.8,0,,0.54,0.3,0.01767096,0.1104435,0.018554508
60,G,60G,M,2,PP,L,7.7,24,7,,,P,4.8,5.8,,0.58,0.120833333,0.12566016,0.32336766,0.0395415
60,G,60G,M,3,PP,L,9.7,36,4,,,P,5.7,5.9,,0.8,0.140350877,0.17720046,0.51316686,0.06719328
60,G,60G,M,4,DF,L,4.7,24,8,,,P,1.9,4.3,,0.56,0.294736842,0.01968894,0.12047886,0.020157984
60,G,60G,M,5,PP,L,15.1,51,8,,WITNESS D 10.7 AZ 217,NP,10,1.4,,1.02,0.102,0.5454,1.24356654,0.139633308
60,G,60G,M,6,PP,L,9,33,5,,WITNESS D 19.8 AZ 159,NP,5.1,1.6,,0.78,0.152941176,0.14185854,0.441774,0.059983092
60,G,60G,M,7,WF,L,5.7,23,7,,,P,4.1,6.8,,0.32,0.07804878,0.09168174,0.17720046,0.017103744
60,H,60H,MBB,2,PP,L,5.5,25.8,4.5,10,,NP,3.2,1.3,NA,0.46,0.14375,0.05584896,0.1649835,0.021826908
60,H,60H,MBB,4,BO,L,2.3,14.1,1,0,,NP,1.8,0.8,NA,0.1,0.055555556,0.01767096,0.02885166,0.00223614
60,H,60H,MBB,5,PP,L,3.3,19.9,3.4,0,,NP,1.7,1,NA,0.32,0.188235294,0.01576206,0.05939406,0.0087264
60,H,60H,MBB,6,WF,L,15.7,59.6,9.9,0,,P,12.9,12,NA,0.56,0.043410853,0.90760014,1.34435646,0.087351264
60,H,60H,MBB,7,PP,L,4.6,22.8,5.4,0,,NP,2.5,1.7,NA,0.42,0.168,0.0340875,0.11540664,0.016263828
60,H,60H,MBB,8,SP,L,4.3,18.7,1,0,,NP,1.5,1.3,NA,0.56,0.373333333,0.0122715,0.10084446,0.017714592
60,H,60H,MBB,9,WF,L,21.7,68.9,8.2,0,,P,18.9,7.6,NA,0.56,0.02962963,1.94822334,2.56823406,0.124002144
60,H,60H,MBB,10,PP,L,10,36.4,5.8,10,,NP,7,1.4,NA,0.6,0.085714286,0.267246,0.5454,0.0556308
60,H,60H,MBB,11,PP,L,12.8,46.4,10.5,5,,P,8.8,6.6,35,0.8,0.090909091,0.42235776,0.89358336,0.09424512
60,H,60H,MBB,12,PP,L,11.5,41.6,8.4,15,,NP,7.4,2.7,5,0.82,0.110810811,0.29866104,0.7212915,0.084526092
60,H,60H,MBB,13,WF,L,5.1,27.5,4.4,0,AZ 357 D 15.9,P,3.2,5,NA,0.38,0.11875,0.05584896,0.14185854,0.017201916
60,H,60H,MBB,14,IC,L,6,23.1,4.4,0,,P,3.1,5.3,NA,0.58,0.187096774,0.05241294,0.196344,0.028786212
60,H,60H,MBB,15,PP,L,14.4,42.2,10.4,,,NP,10.9,2.4,5,0.7,0.064220183,0.64798974,1.13094144,0.09659034
60,H,60H,MBB,16,PP,L,13.6,40,8,5,,P,10.2,6.5,NA,0.68,0.066666667,0.56743416,1.00877184,0.088267536
60,H,60H,MBB,20,DF,L,6.9,31.9,1,0,,NP,3.6,0.8,NA,0.66,0.183333333,0.07068384,0.25966494,0.03779622
60,H,60H,MBB,22,IC,L,6.5,22.5,7.8,15,,P,4.8,5.7,NA,0.34,0.070833333,0.12566016,0.2304315,0.020954268
60,H,60H,MBB,23,IC,L,8,29.9,9.7,35,,NP,5.9,1.2,60,0.42,0.071186441,0.18985374,0.349056,0.031840452
60,H,60H,MBB,24,IC,L,3.4,13.8,5.5,25,,P,2.5,5,5,0.18,0.072,0.0340875,0.06304824,0.005792148
60,H,60H,MBB,25,PP,L,13,40.8,8,15,WITNESS AZ 65 D 10.6,NP,9.6,4.5,50,0.68,0.070833333,0.50264064,0.921726,0.083817072
60,H,60H,MBB,26,PP,L,14.2,35,13,5,,P,11.1,7,10,0.62,0.055855856,0.67198734,1.09974456,0.085551444
60,H,60H,MBB,27,IC,L,8.3,30.7,4.2,0,,P,4.7,6.5,NA,0.72,0.153191489,0.12047886,0.37572606,0.05104944
60,H,60H,MBB,29,PP,L,11.8,46.2,9.5,15,,NP,8.4,5.5,10,0.68,0.080952381,0.38483424,0.75941496,0.074916144
60,H,60H,MBB,30,PP,L,10.1,40.4,14.9,0,,P,8.2,11.5,NA,0.38,0.046341463,0.36672696,0.55636254,0.037927116
60,H,60H,MBB,31,IC,L,5.3,22.1,6.3,5,,P,3.2,5.4,5,0.42,0.13125,0.05584896,0.15320286,0.01947078
60,I,60I,MBB,1,DF,L,5.9,24.9,4.3,0,,NP,2.9,1.2,40,0.6,0.206896552,0.04586814,0.18985374,0.02879712
60,I,60I,MBB,2,BO,L,16.9,58.7,10.8,0,,NP,15.1,10.8,NA,0.36,0.02384106,1.24356654,1.55771694,0.06283008
60,I,60I,MBB,3,PP,L,7.8,28.7,3.8,10,,NP,4.8,1.2,0,0.6,0.125,0.12566016,0.33182136,0.04123224
60,I,60I,MBB,4,BO,L,2.9,24.9,4.6,5,,P,1.4,5,NA,0.3,0.214285714,0.01068984,0.04586814,0.00703566
60,I,60I,MBB,5,BO,L,3.3,17.8,2.9,15,,NP,2,0,NA,0.26,0.13,0.021816,0.05939406,0.007515612
60,I,60I,MBB,6,IC,L,7,23.2,5,0,,P,4.1,4.5,NA,0.58,0.141463415,0.09168174,0.267246,0.035112852
60,I,60I,MBB,7,IC,L,7,21.7,5.6,0,,P,4.5,6,NA,0.5,0.111111111,0.1104435,0.267246,0.0313605
60,I,60I,MBB,8,PP,L,9.8,32.9,5.4,15,,NP,5.2,3.1,20,0.92,0.176923077,0.14747616,0.52380216,0.0752652
60,I,60I,MBB,9,PP,L,10.6,41.9,7.3,15,WITNESS D 18.8 AZ 316,NP,7,6.6,35,0.72,0.102857143,0.267246,0.61281144,0.069113088
60,I,60I,MBB,10,IC,L,7.6,25.1,3.6,5,,NP,5.2,1.4,35,0.48,0.092307692,0.14747616,0.31502304,0.033509376
60,I,60I,MBB,11,IC,L,6.4,25.4,6.6,15,WITNESS D 12.5 AZ 138,P,4.7,6,40,0.34,0.072340426,0.12047886,0.22339584,0.020583396
60,I,60I,MBB,12,BO,L,5.1,31.4,4.6,0,WITNESS D 15.9 AZ 208,P,3.6,6,NA,0.3,0.083333333,0.07068384,0.14185854,0.01423494
60,I,60I,MBB,13,IC,L,9.4,27.7,8,15,,NP,6.4,0.4,35,0.6,0.09375,0.22339584,0.48191544,0.05170392
60,I,60I,MBB,14,DF,L,5.8,30,6.4,0,,NP,3.7,0,45,0.42,0.113513514,0.07466526,0.18347256,0.02176146
60,I,60I,MBB,15,BO,L,3.9,21.6,3.6,0,RETAGGED,NP,0.6,6,NA,0.66,1.1,0.00196344,0.08295534,0.01619838
60,J,60J,MBB,3,PP,L,10.1,44,10,0,,P,7.5,8.6,NA,0.52,0.069333333,0.3067875,0.55636254,0.049915008
60,J,60J,MBB,4,SP,L,6.9,31,7,0,,P,4.1,6,NA,0.56,0.136585366,0.09168174,0.25966494,0.03359664
60,J,60J,MBB,6,WF,L,5.6,26,4,0,WITNESS D 5.3 AZ 348,NP,3.7,0,5,0.38,0.102702703,0.07466526,0.17103744,0.019274436
60,J,60J,MBB,7,IC,L,6.7,23,6,0,WITNESS D12.8 AZ160,P,4.4,5.8,20,0.46,0.104545455,0.10558944,0.24483006,0.027848124
60,J,60J,MBB,8,WF,L,8.5,31,10,15,,P,6.3,5.6,15,0.44,0.06984127,0.21646926,0.3940515,0.035516448
60,J,60J,MBB,9,PP,L,6.7,28,6,10,,NP,4,2,10,0.54,0.135,0.087264,0.24483006,0.031513212
60,J,60J,MBB,11,SP,L,6.8,25,5,0,,NP,3.4,1.5,NA,0.68,0.2,0.06304824,0.25219296,0.037828944
60,J,60J,MBB,12,PP,L,12.4,47,11,0,,P,8.6,7.7,NA,0.76,0.088372093,0.40337784,0.83860704,0.08704584
60,J,60J,MBB,13,PP,L,11.9,38,8,10,WITNESS AZ 69 D 12,NP,7.7,4.1,NA,0.84,0.109090909,0.32336766,0.77234094,0.089794656
60,J,60J,MBB,15,PP,L,4.4,18,7,25,,NP,2.6,1.5,90,0.36,0.138461538,0.03686904,0.10558944,0.01374408
60,J,60J,MBB,17,PP,L,12.2,49,8,5,,NP,8,4.4,65,0.84,0.105,0.349056,0.81177336,0.092543472
60,J,60J,MBB,19,DF,L,7.7,31,10,0,,P,5.4,7.3,30,0.46,0.085185185,0.15903864,0.32336766,0.032865804
400,F,400F,BB,1,IC,L,3.7,20,3,0,,NP,2.4,1,NA,0.26,0.108333333,0.03141504,0.07466526,0.008650044
400,F,400F,BB,2,PP,L,6.2,25,4,0,,NP,4.5,1,NA,0.34,0.075555556,0.1104435,0.20965176,0.019841652
400,F,400F,BB,3,BO,L,1.9,16,4,0,,NP,1.4,,,0.1,0.071428571,0.01068984,0.01968894,0.00179982
400,F,400F,BB,4,IC,L,4,18,3,0,,NP,2.7,1,NA,0.26,0.096296296,0.03975966,0.087264,0.009500868
400,F,400F,BB,6,IC,L,4.1,17,2,0,,NP,2.7,0.5,NA,0.28,0.103703704,0.03975966,0.09168174,0.010384416
400,F,400F,BB,7,PP,L,8.7,37,5,0,Q CHAR %,NP,6.2,3.5,0,0.5,0.080645161,0.20965176,0.41281326,0.0406323
400,F,400F,BB,9,PP,L,6,25,9,0,,NP,4.7,4,5,0.26,0.055319149,0.12047886,0.196344,0.015173028
400,F,400F,BB,10,PP,L,9.6,33,5,10,Q CHAR; Q SCORCH,NP,6.9,3,15,0.54,0.07826087,0.25966494,0.50264064,0.04859514
400,F,400F,BB,11,BO,L,2.5,13,5,0,Q CHAR,NP,1.8,,,0.14,0.077777778,0.01767096,0.0340875,0.003283308
400,F,400F,BB,12,PP,L,6.1,31,5,0,,NP,5,3,10,0.22,0.044,0.13635,0.20294334,0.013318668
400,F,400F,BB,13,PP,L,4.5,19,8,0,WITNESS AZ331 D12.8,NP,3.8,2,10,0.14,0.036842105,0.07875576,0.1104435,0.006337548
400,F,400F,BB,18,BO,L,3.4,25,9,1,,NP,2.3,,,0.22,0.095652174,0.02885166,0.06304824,0.006839316
400,F,400F,BB,19,BO,L,2.2,15,6,0,,NP,1.7,,,0.1,0.058823529,0.01576206,0.02639736,0.00212706
400,F,400F,BB,20,DF,L,4.9,29,1,0,WITNESS AZ102 D8.8,NP,2.5,0,0,0.48,0.192,0.0340875,0.13095054,0.019372608
400,F,400F,BB,22,BO,L,3,16,4,0,,NP,2.3,,,0.14,0.060869565,0.02885166,0.049086,0.004046868
400,F,400F,BB,24,WF,L,23.9,82,9,10,WITNESS AZ176 D28.2,NP,20.1,4,25,0.76,0.037810945,2.20347054,3.11537934,0.18238176
400,F,400F,BB,25,BO,L,2.7,17,3,0,,NP,1.8,,,0.18,0.1,0.01767096,0.03975966,0.00441774
400,F,400F,BB,26,DF,L,3.8,28,6,0,,NP,2.2,0,0,0.32,0.145454545,0.02639736,0.07875576,0.01047168
400,F,400F,BB,29,IC,L,5.4,20,9,50,,NP,3.4,1,5,0.4,0.117647059,0.06304824,0.15903864,0.01919808
400,F,400F,BB,30,PP,L,9.1,28,8,10,QSCORCHHT,NP,7.3,4,45,0.36,0.049315068,0.29064366,0.45164574,0.032200416
400,F,400F,BB,31,PP,L,6.5,11,5,15,QSCORCHHT,NP,4.5,3.5,0,0.4,0.088888889,0.1104435,0.2304315,0.0239976
400,G,400G,BB,1,PP,L,8.3,30,5,20,,NP,5.3,2.5,40,0.6,0.113207547,0.15320286,0.37572606,0.04450464
400,G,400G,BB,2,PP,L,10.9,34,7,0,,NP,7.1,2.5,20,0.76,0.107042254,0.27493614,0.64798974,0.07461072
400,G,400G,BB,3,IC,L,6.7,29,5,0,,NP,4,0,NA,0.54,0.135,0.087264,0.24483006,0.031513212
400,G,400G,BB,4,WF,L,5.1,21,5,0,,NP,4.2,2.5,NA,0.18,0.042857143,0.09620856,0.14185854,0.009129996
400,G,400G,BB,5,IC,L,5.4,19,4,10,,NP,3.6,0.5,10,0.36,0.1,0.07068384,0.15903864,0.01767096
400,G,400G,BB,6,WF,L,5.5,26,4,5,,NP,3.7,0,10,0.36,0.097297297,0.07466526,0.1649835,0.018063648
400,G,400G,BB,7,WF,L,3,17,5,15,,NP,1.9,0.5,15,0.22,0.115789474,0.01968894,0.049086,0.005879412
400,G,400G,BB,8,DF,L,4.2,22,4,0,,NP,2.7,0,0,0.3,0.111111111,0.03975966,0.09620856,0.01128978
400,G,400G,BB,9,PP,L,11.6,41,10,25,,NP,7.4,3.5,5,0.84,0.113513514,0.29866104,0.73389024,0.08704584
400,G,400G,BB,12,TO,L,4,20,11,50,CLUMP MEASURED LARGEST,NP,2,0,60,0.4,0.2,0.021816,0.087264,0.0130896
400,G,400G,BB,13,IC,L,4.7,20,6,0,,NP,3.3,1.5,0,0.28,0.084848485,0.05939406,0.12047886,0.01221696
400,G,400G,BB,14,IC,L,5,22,5,10,,NP,3.7,1,0,0.26,0.07027027,0.07466526,0.13635,0.012336948
400,G,400G,BB,15,PP,L,5.3,25,8,40,CHAR ONLY ON BOLE,NP,3.1,3.5,5,0.44,0.141935484,0.05241294,0.15320286,0.020157984
400,G,400G,BB,17,DF,L,3.4,17,4,30,,NP,3.1,0.5,15,0.06,0.019354839,0.05241294,0.06304824,0.00212706
400,G,400G,BB,18,PP,L,5.7,30,11,30,,NP,4,5,NA,0.34,0.085,0.087264,0.17720046,0.017987292
400,G,400G,BB,19,SP,L,5.3,28,14,50,,NP,4,3.5,35,0.26,0.065,0.087264,0.15320286,0.013187772
400,G,400G,BB,20,PP,L,7.4,30,9,30,,NP,5.7,5,0,0.34,0.059649123,0.17720046,0.29866104,0.024292116
400,G,400G,BB,21,WF,L,7,35,6,20,,NP,4.8,0,15,0.44,0.091666667,0.12566016,0.267246,0.028317168
400,G,400G,BB,22,PP,L,8,34,21,50,,NP,5.5,3,15,0.5,0.090909091,0.1649835,0.349056,0.0368145
400,G,400G,BB,23,IC,L,5,22,10,55,,NP,4.6,0.5,40,0.08,0.017391304,0.11540664,0.13635,0.004188672
400,G,400G,BB,25,PP,L,13.8,41,10,10,,NP,8.7,4,45,1.02,0.117241379,0.41281326,1.03865976,0.1251693
400,G,400G,BB,26,WF,L,6.4,33,12,20,,NP,4.7,0,40,0.34,0.072340426,0.12047886,0.22339584,0.020583396
400,G,400G,BB,28,PP,L,11.7,45,11,15,,NP,8.4,5.6,55,0.66,0.078571429,0.38483424,0.74659806,0.072352764
400,G,400G,BB,29,PP,L,9.5,46,16,0,,NP,7.1,11.9,60,0.48,0.067605634,0.27493614,0.4922235,0.043457472
400,G,400G,BB,30,PP,L,8.1,35,11,30,,NP,6.5,7.9,60,0.32,0.049230769,0.2304315,0.35783694,0.025481088
400,G,400G,BB,31,PP,L,6.6,39,16,0,NO NEEDLES ON BRANCHES BUT CHAR 6 FT UP BOLE,NP,5.3,7.4,60,0.26,0.049056604,0.15320286,0.23757624,0.016874676
400,G,400G,BB,32,PP,L,7.2,39,22,40,,NP,5.9,8.6,75,0.26,0.044067797,0.18985374,0.28273536,0.018576324
400,G,400G,BB,34,PP,L,10.5,44,12,30,,NP,8.3,4.5,40,0.44,0.053012048,0.37572606,0.6013035,0.045115488
400,G,400G,BB,35,IC,L,3.6,16,10,40,,NP,3,2.5,55,0.12,0.04,0.049086,0.07068384,0.004319568
400,G,400G,BB,36,IC,L,5.1,21,11,20,,NP,3,2,35,0.42,0.14,0.049086,0.14185854,0.018554508
400,G,400G,BB,37,IC,L,4.4,17,11,60,,NP,3,0,70,0.28,0.093333333,0.049086,0.10558944,0.011300688
400,G,400G,BB,40,PP,L,8.8,29,16,60,,NP,6.8,3,30,0.4,0.058823529,0.25219296,0.42235776,0.03403296
400,G,400G,BB,41,PP,L,8.4,40,19,35,,NP,6.8,5.5,70,0.32,0.047058824,0.25219296,0.38483424,0.026528256
400,G,400G,BB,43,PP,L,12.2,49,21,25,WITNESS AZ 34 D 14.1,NP,9,4.5,20,0.64,0.071111111,0.441774,0.81177336,0.073999872
400,G,400G,BB,44,PP,L,7.8,31,30,95,,NP,6,5,15,0.36,0.06,0.196344,0.33182136,0.027095472
400,G,400G,BB,45,SP,L,4.4,29,8,40,,NP,3,2,5,0.28,0.093333333,0.049086,0.10558944,0.011300688
400,G,400G,BB,46,PP,L,9.5,38,14,30,,NP,7.3,5,25,0.44,0.060273973,0.29064366,0.4922235,0.040315968
400,G,400G,BB,47,PP,L,9.5,45,20,40,WITNESS AZ 299 D 4.6,NP,7.3,5.5,35,0.44,0.060273973,0.29064366,0.4922235,0.040315968
400,G,400G,BB,48,SP,L,3.3,19,8,15,,NP,2.4,2.5,10,0.18,0.075,0.03141504,0.05939406,0.005595804
400,G,400G,BB,50,PP,L,7.4,33,9,30,WITNESS AZ 216 D 7,NP,7,5,70,0.08,0.011428571,0.267246,0.29866104,0.006283008
400,G,400G,BB,51,PP,L,9.7,38,13,20,,NP,7.6,5,25,0.42,0.055263158,0.31502304,0.51316686,0.039628764
400,G,400G,BB,52,PP,L,5,19,13,75,,NP,4.1,3,50,0.18,0.043902439,0.09168174,0.13635,0.008933652
400,G,400G,BB,53,PP,L,4.1,15,7,25,,NP,3.2,2,65,0.18,0.05625,0.05584896,0.09168174,0.007166556
400,G,400G,BB,54,SP,L,5,22,6,5,,NP,2.7,0.5,5,0.46,0.17037037,0.03975966,0.13635,0.019318068
400,G,400G,BB,55,SP,L,6.1,27,11,25,,NP,3.9,1,10,0.44,0.112820513,0.08295534,0.20294334,0.0239976
400,G,400G,BB,56,PP,L,5.6,27,22,35,,NP,3.9,5,40,0.34,0.087179487,0.08295534,0.17103744,0.01761642
400,G,400G,BB,57,PP,L,5.7,29,16,20,,NP,4.3,3,30,0.28,0.065116279,0.10084446,0.17720046,0.0152712
400,G,400G,BB,58,IC,L,7.3,21,10,30,,NP,5.8,0,25,0.3,0.051724138,0.18347256,0.29064366,0.02143422
400,G,400G,BB,59,TO,L,2.5,13,3,0,CLUMP,NP,2.3,0,5,0.04,0.017391304,0.02885166,0.0340875,0.001047168
400,G,400G,BB,60,IC,L,5.8,22,12,20,,NP,4.5,0.5,20,0.26,0.057777778,0.1104435,0.18347256,0.014605812
400,G,400G,BB,62,PP,L,9,38,21,15,,NP,7,3.5,55,0.4,0.057142857,0.267246,0.441774,0.0349056
400,G,400G,BB,63,PP,L,10.4,36,10,15,,NP,7.4,4,40,0.6,0.081081081,0.29866104,0.58990464,0.05824872
400,G,400G,BB,64,DF,L,9.7,40,7,5,,NP,7.1,3,15,0.52,0.073239437,0.27493614,0.51316686,0.047646144
400,G,400G,BB,66,WF,L,3,16,8,10,,NP,2.1,0.5,35,0.18,0.085714286,0.02405214,0.049086,0.005006772
400,G,400G,BB,67,PP,L,8.8,32,12,20,,NP,7,2.5,50,0.36,0.051428571,0.267246,0.42235776,0.031022352
400,G,400G,BB,68,PP,L,5.4,24,17,20,,NP,4.7,3.5,65,0.14,0.029787234,0.12047886,0.15903864,0.007711956
400,G,400G,BB,69,PP,L,8,27,14,15,,NP,6.7,3,40,0.26,0.03880597,0.24483006,0.349056,0.020845188
400,G,400G,BB,70,PP,L,6.5,30,16,20,,NP,4.7,4,50,0.36,0.076595745,0.12047886,0.2304315,0.021990528
400,G,400G,BB,71,IC,L,3.9,22,16,80,RETAGGED AS 71,NP,3.1,0,30,0.16,0.051612903,0.05241294,0.08295534,0.00610848
400,G,400G,BB,72,IC,L,4.5,23,13,20,RETAGGED AS 72,NP,3.4,0,25,0.22,0.064705882,0.06304824,0.1104435,0.009479052
400,G,400G,BB,73,PP,L,5,24,14,40,RETAGGED AS 73,NP,4.6,4,100,0.08,0.017391304,0.11540664,0.13635,0.004188672
400,G,400G,BB,74,SP,L,6.3,32,10,15,RETAGGED AS 74,NP,3.9,2,20,0.48,0.123076923,0.08295534,0.21646926,0.026702784
400,G,400G,BB,75,SP,L,5.1,25,9,20,RETAGGED AS 75,NP,3.5,2,10,0.32,0.091428571,0.0668115,0.14185854,0.015009408
400,G,400G,BB,76,PP,L,7.3,35,13,10,RETAGGED AS 76,NP,5,2.5,20,0.46,0.092,0.13635,0.29064366,0.030858732
400,G,400G,BB,77,DF,L,3.1,20,8,10,RETAGGED AS 77,NP,2,1,80,0.22,0.11,0.021816,0.05241294,0.006119388
400,G,400G,BB,78,PP,L,7.1,31,12,25,RETAGGED AS 78,NP,4.9,4,65,0.44,0.089795918,0.13095054,0.27493614,0.02879712
400,G,400G,BB,79,PP,L,4.4,24,15,50,RETAGGED AS 79,NP,3.5,4,15,0.18,0.051428571,0.0668115,0.10558944,0.007755588
400,G,400G,BB,80,PP,L,8.9,35,12,15,RETAGGED AS 80,NP,6.6,6,60,0.46,0.06969697,0.23757624,0.43201134,0.03888702
400,G,400G,BB,81,PP,L,9.2,34,24,40,RETAGGED AS 81,NP,6.1,4,10,0.62,0.101639344,0.20294334,0.46162656,0.051736644
400,G,400G,BB,82,PP,L,8.9,36,13,30,RETAGGED AS 82,NP,6.8,5,40,0.42,0.061764706,0.25219296,0.43201134,0.035963676
400,G,400G,BB,83,SP,L,6.1,31,14,60,RETAGGED AS 83,NP,3.9,2,5,0.44,0.112820513,0.08295534,0.20294334,0.0239976
400,G,400G,BB,84,PP,L,5.7,26,9,5,RETAGGED AS 84,NP,3.8,3.5,35,0.38,0.1,0.07875576,0.17720046,0.01968894
400,G,400G,BB,85,PP,L,6.6,27,12,5,RETAGGED AS 85,NP,4.2,3,15,0.48,0.114285714,0.09620856,0.23757624,0.028273536
400,G,400G,BB,86,PP,L,4.6,23,14,5,RETAGGED AS 86,NP,3.6,4,45,0.2,0.055555556,0.07068384,0.11540664,0.00894456
400,G,400G,BB,87,IC,L,6.6,23,6,40,RETAGGED AS 87,NP,4.1,0,NA,0.5,0.12195122,0.09168174,0.23757624,0.0291789
400,G,400G,BB,88,WF,L,5.3,27,9,15,RETAGGED AS 88,NP,3.2,1,NA,0.42,0.13125,0.05584896,0.15320286,0.01947078
400,G,400G,BB,89,IC,L,5.1,18,5,30,RETAGGED AS 89,NP,2.9,0,NA,0.44,0.151724138,0.04586814,0.14185854,0.01919808
400,G,400G,BB,90,WF,L,3.9,19,9,20,RETAGGED AS 90,NP,2.2,1,NA,0.34,0.154545455,0.02639736,0.08295534,0.011311596
400,G,400G,BB,91,WF,L,6.8,30,9,30,RETAGGED AS 91,NP,4,0,NA,0.56,0.14,0.087264,0.25219296,0.032985792
400,G,400G,BB,92,PP,L,10.7,38,10,10,RETAGGED AS 92,NP,7.4,3,25,0.66,0.089189189,0.29866104,0.62442846,0.065153484
400,G,400G,BB,93,PP,L,8.4,41,16,0,RETAGGED AS 93,NP,5.5,2,5,0.58,0.105454545,0.1649835,0.38483424,0.043970148
400,G,400G,BB,94,PP,L,6.4,36,16,0,RETAGGED AS 94,NP,4.3,3,5,0.42,0.097674419,0.10084446,0.22339584,0.024510276
400,H,400H,BB,1,BO,L,6,37,13,5,,NP,4.8,,,0.24,0.05,0.12566016,0.196344,0.014136768
400,H,400H,BB,2,IC,L,5.8,25,12,45,Q DBH,NP,4.9,2,45,0.18,0.036734694,0.13095054,0.18347256,0.010504404
400,H,400H,BB,3,DF,L,14.5,66,19,0,,NP,13.2,17.5,NA,0.26,0.01969697,0.95030496,1.1467035,0.039279708
400,H,400H,BB,5,IC,L,6.3,28,14,35,,NP,5.4,2.5,55,0.18,0.033333333,0.15903864,0.21646926,0.011486124
400,H,400H,BB,7,IC,L,4.8,20,5,20,,NP,3.7,2,5,0.22,0.059459459,0.07466526,0.12566016,0.01019898
400,H,400H,BB,8,PP,L,6.4,39,10,15,,NP,5.1,4,0,0.26,0.050980392,0.14185854,0.22339584,0.01630746
400,H,400H,BB,9,PP,L,10.4,41,8,20,,NP,8.2,5,0,0.44,0.053658537,0.36672696,0.58990464,0.044635536
400,H,400H,BB,10,BO,L,2,18,7,20,,NP,1.4,,,0.12,0.085714286,0.01068984,0.021816,0.002225232
400,H,400H,BB,11,IC,L,3.4,16,5,30,,NP,2.5,0.5,30,0.18,0.072,0.0340875,0.06304824,0.005792148
400,H,400H,BB,12,PP,L,8,33,9,35,,NP,6,4,0,0.4,0.066666667,0.196344,0.349056,0.0305424
400,H,400H,BB,13,PP,L,10.2,48,11,15,,NP,7.7,6,0,0.5,0.064935065,0.32336766,0.56743416,0.0488133
400,H,400H,BB,14,PP,L,10,39,10,15,,NP,7,5,10,0.6,0.085714286,0.267246,0.5454,0.0556308
400,H,400H,BB,15,BO,L,3.1,17,7,5,,NP,2.9,,,0.04,0.013793103,0.04586814,0.05241294,0.00130896
400,H,400H,BB,16,PP,L,8.3,32,10,25,,NP,6.4,7.5,10,0.38,0.059375,0.22339584,0.37572606,0.030466044
400,H,400H,BB,17,IC,L,5.6,21,3,5,,NP,3.8,0.5,35,0.36,0.094736842,0.07875576,0.17103744,0.018456336
400,H,400H,BB,18,WF,L,3.6,16,6,0,,NP,2.4,1,45,0.24,0.1,0.03141504,0.07068384,0.00785376
400,H,400H,BB,19,PP,L,9.9,37,11,25,,NP,7.3,3.5,40,0.52,0.071232877,0.29064366,0.53454654,0.048780576
400,H,400H,BB,20,PP,L,10.2,30,8,15,,NP,8,4,60,0.44,0.055,0.349056,0.56743416,0.043675632
400,H,400H,BB,22,WF,L,5.1,23,7,35,,NP,3.6,0.5,45,0.3,0.083333333,0.07068384,0.14185854,0.01423494
400,H,400H,BB,23,WF,L,5.1,21,4,5,,NP,3.1,0,5,0.4,0.129032258,0.05241294,0.14185854,0.01788912
400,H,400H,BB,24,PP,L,11.3,43,9,20,,NP,8.2,3.5,20,0.62,0.075609756,0.36672696,0.69642126,0.06593886
400,H,400H,BB,25,PP,L,9.4,37,7,15,,NP,6.5,4.5,15,0.58,0.089230769,0.2304315,0.48191544,0.050296788
400,H,400H,BB,26,WF,L,3.4,21,9,40,,NP,2.4,0.5,20,0.2,0.083333333,0.03141504,0.06304824,0.00632664
400,H,400H,BB,27,DF,L,3.3,26,14,45,,NP,2.3,3,30,0.2,0.086956522,0.02885166,0.05939406,0.00610848
400,H,400H,BB,28,DF,L,2.8,24,16,50,,NP,2,3.5,20,0.16,0.08,0.021816,0.04275936,0.004188672
400,H,400H,BB,29,DF,L,3,24,13,45,,NP,2.1,3,40,0.18,0.085714286,0.02405214,0.049086,0.005006772
400,H,400H,BB,30,PP,L,9.6,41,15,15,,NP,7.1,8.1,10,0.5,0.070422535,0.27493614,0.50264064,0.0455409
400,H,400H,BB,31,PP,L,9.1,37,13,15,,NP,6.9,6,20,0.44,0.063768116,0.25966494,0.45164574,0.03839616
400,H,400H,BB,32,DF,L,6.3,30,9,25,,NP,3.5,0.5,,0.56,0.16,0.0668115,0.21646926,0.029931552
400,H,400H,BB,33,IC,L,4.9,20,5,20,,NP,3.3,0,15,0.32,0.096969697,0.05939406,0.13095054,0.014311296
400,H,400H,BB,34,IC,L,4.4,15,3,5,,NP,3.1,0.5,35,0.26,0.083870968,0.05241294,0.10558944,0.0106353
400,H,400H,BB,35,WF,L,4.7,25,18,80,,NP,3.4,1,15,0.26,0.076470588,0.06304824,0.12047886,0.011486124
400,H,400H,BB,36,PP,L,11,38,16,25,,NP,8.3,2.5,15,0.54,0.065060241,0.37572606,0.659934,0.056841588
400,H,400H,BB,37,WF,L,3.9,19,2,0,,NP,2.2,0,5,0.34,0.154545455,0.02639736,0.08295534,0.011311596
400,H,400H,BB,38,PP,L,7.2,31,14,15,,NP,5.5,3,15,0.34,0.061818182,0.1649835,0.28273536,0.023550372
400,H,400H,BB,39,WF,L,5.5,19,7,0,,NP,2.7,0,55,0.56,0.207407407,0.03975966,0.1649835,0.025044768
400,H,400H,BB,41,WF,L,4.1,20,4,0,,NP,2.2,1,10,0.38,0.172727273,0.02639736,0.09168174,0.013056876
400,H,400H,BB,43,PP,L,9.1,36,8,20,,NP,6.7,7.2,55,0.48,0.071641791,0.24483006,0.45164574,0.041363136
400,H,400H,BB,44,PP,L,10.1,42,12,15,,NP,7.7,6.7,45,0.48,0.062337662,0.32336766,0.55636254,0.046598976
400,H,400H,BB,45,IC,L,4.7,15,9,30,,NP,3.9,0,50,0.16,0.041025641,0.08295534,0.12047886,0.007504704
400,H,400H,BB,47,PP,L,10.1,41,9,15,,NP,7.9,4,70,0.44,0.055696203,0.34038414,0.55636254,0.04319568
400,H,400H,BB,48,IC,L,3.7,18,8,40,,NP,2.9,0,40,0.16,0.055172414,0.04586814,0.07466526,0.005759424
400,H,400H,BB,49,IC,L,4.2,18,13,50,,NP,3.1,0,5,0.22,0.070967742,0.05241294,0.09620856,0.008759124
400,H,400H,BB,50,WF,L,4.8,24,6,15,,NP,2.9,0.5,10,0.38,0.131034483,0.04586814,0.12566016,0.015958404
400,H,400H,BB,51,WF,L,4.7,22,5,5,,NP,3,0.5,10,0.34,0.113333333,0.049086,0.12047886,0.014278572
400,H,400H,BB,52,PP,L,9.9,37,9,20,,NP,6.9,4,10,0.6,0.086956522,0.25966494,0.53454654,0.05497632
400,H,400H,BB,53,PP,L,10,42,15,20,,NP,7.8,5,35,0.44,0.056410256,0.33182136,0.5454,0.042715728
400,H,400H,BB,54,WF,L,18.3,61,13,0,,NP,16.3,3,5,0.4,0.024539877,1.44907326,1.82649006,0.07548336
400,H,400H,BB,55,TO,L,4.2,20,3,10,,NP,3,0,40,0.24,0.08,0.049086,0.09620856,0.009424512
400,H,400H,BB,56,WF,L,14.2,34,14,0,,NP,11.7,3,5,0.5,0.042735043,0.74659806,1.09974456,0.0706293
400,H,400H,BB,57,DF,L,10,50,26,0,,NP,9.1,23.5,,0.18,0.01978022,0.45164574,0.5454,0.018750852
400,H,400H,BB,58,IC,L,3,11,7,50,,NP,2.8,2,40,0.04,0.014285714,0.04275936,0.049086,0.001265328
400,H,400H,BB,61,SP,L,5.1,19,7,0,,NP,2.7,0,10,0.48,0.177777778,0.03975966,0.14185854,0.020419776
400,H,400H,BB,62,PP,L,6.9,23,6,10,,NP,4.4,1.5,25,0.5,0.113636364,0.10558944,0.25966494,0.0308151
400,H,400H,BB,63,PP,L,8,26,5,15,,NP,6,1,95,0.4,0.066666667,0.196344,0.349056,0.0305424